Arquivo,Caminho,Tipo,O que é,Dimensões,Tamanho,Tamanho em bytes,Formato de origem,Dimensões de origem,Tamanho de origem,Economia (%),Referenciado em
guerras-de-sangue.webp,assets/covers/guerras-de-sangue.webp,Capa de livro,Capa: Guerras de sangue,1024 × 1535 px,341.6 KB,349774,WEBP,1024 × 1535 px,341.6 KB,0.0,
ruinas-dos-ceus.webp,assets/covers/ruinas-dos-ceus.webp,Capa de livro,Capa: Ruinas dos ceus — Ruínas dos Céus,1024 × 1536 px,283.1 KB,289918,WEBP,1024 × 1536 px,283.1 KB,0.0,
Capitulo 5.webp,assets/chapters/ruinas-dos-ceus/Capitulo 5.webp,Ilustração de capítulo / cena,Ilustração de cena ou capítulo: Capitulo 5 — Ruínas dos Céus,1672 × 941 px,287.1 KB,294030,PNG,1672 × 941 px,2.4 MB,88.5,
capitulo-1.webp,assets/chapters/guerras-de-sangue/capitulo-1.webp,Ilustração de capítulo / cena,Ilustração de cena ou capítulo: Capitulo 1 — Guerras de Sangue,1672 × 941 px,262.5 KB,268782,PNG,1672 × 941 px,2.4 MB,89.2,data/sagas/ciclo-de-jesed/books/guerras-de-sangue/runtime.js
capitulo-10.webp,assets/chapters/guerras-de-sangue/capitulo-10.webp,Ilustração de capítulo / cena,Ilustração de cena ou capítulo: Capitulo 10 — Guerras de Sangue,1672 × 941 px,202.2 KB,207080,PNG,1672 × 941 px,2.1 MB,90.8,data/sagas/ciclo-de-jesed/books/guerras-de-sangue/runtime.js
capitulo-11.webp,assets/chapters/guerras-de-sangue/capitulo-11.webp,Ilustração de capítulo / cena,Ilustração de cena ou capítulo: Capitulo 11 — Guerras de Sangue,1672 × 941 px,380.8 KB,389982,PNG,1672 × 941 px,2.6 MB,85.8,data/sagas/ciclo-de-jesed/books/guerras-de-sangue/runtime.js
capitulo-12.webp,assets/chapters/guerras-de-sangue/capitulo-12.webp,Ilustração de capítulo / cena,Ilustração de cena ou capítulo: Capitulo 12 — Guerras de Sangue,1672 × 941 px,309.6 KB,317040,PNG,1672 × 941 px,2.4 MB,87.6,data/sagas/ciclo-de-jesed/books/guerras-de-sangue/runtime.js
capitulo-13.webp,assets/chapters/guerras-de-sangue/capitulo-13.webp,Ilustração de capítulo / cena,Ilustração de cena ou capítulo: Capitulo 13 — Guerras de Sangue,1672 × 941 px,285.4 KB,292234,PNG,1672 × 941 px,2.4 MB,88.3,data/sagas/ciclo-de-jesed/books/guerras-de-sangue/runtime.js
capitulo-14.webp,assets/chapters/guerras-de-sangue/capitulo-14.webp,Ilustração de capítulo / cena,Ilustração de cena ou capítulo: Capitulo 14 — Guerras de Sangue,1672 × 941 px,211.3 KB,216390,PNG,1672 × 941 px,2.1 MB,90.4,data/sagas/ciclo-de-jesed/books/guerras-de-sangue/runtime.js
capitulo-15.webp,assets/chapters/guerras-de-sangue/capitulo-15.webp,Ilustração de capítulo / cena,Ilustração de cena ou capítulo: Capitulo 15 — Guerras de Sangue,1672 × 941 px,405.7 KB,415484,PNG,1672 × 941 px,2.8 MB,86.0,data/sagas/ciclo-de-jesed/books/guerras-de-sangue/runtime.js
capitulo-16.webp,assets/chapters/guerras-de-sangue/capitulo-16.webp,Ilustração de capítulo / cena,Ilustração de cena ou capítulo: Capitulo 16 — Guerras de Sangue,1672 × 941 px,364.2 KB,372988,PNG,1672 × 941 px,2.7 MB,86.7,data/sagas/ciclo-de-jesed/books/guerras-de-sangue/runtime.js
capitulo-17.webp,assets/chapters/guerras-de-sangue/capitulo-17.webp,Ilustração de capítulo / cena,Ilustração de cena ou capítulo: Capitulo 17 — Guerras de Sangue,1672 × 941 px,232.5 KB,238070,PNG,1672 × 941 px,2.2 MB,89.8,data/sagas/ciclo-de-jesed/books/guerras-de-sangue/runtime.js
capitulo-18.webp,assets/chapters/guerras-de-sangue/capitulo-18.webp,Ilustração de capítulo / cena,Ilustração de cena ou capítulo: Capitulo 18 — Guerras de Sangue,1672 × 941 px,243.1 KB,248916,PNG,1672 × 941 px,2.3 MB,89.5,data/sagas/ciclo-de-jesed/books/guerras-de-sangue/runtime.js
capitulo-19.webp,assets/chapters/guerras-de-sangue/capitulo-19.webp,Ilustração de capítulo / cena,Ilustração de cena ou capítulo: Capitulo 19 — Guerras de Sangue,1672 × 941 px,250.1 KB,256098,PNG,1672 × 941 px,2.3 MB,89.2,data/sagas/ciclo-de-jesed/books/guerras-de-sangue/runtime.js
capitulo-2.webp,assets/chapters/guerras-de-sangue/capitulo-2.webp,Ilustração de capítulo / cena,Ilustração de cena ou capítulo: Capitulo 2 — Guerras de Sangue,1672 × 941 px,203.2 KB,208072,PNG,1672 × 941 px,2.1 MB,90.4,data/sagas/ciclo-de-jesed/books/guerras-de-sangue/runtime.js
capitulo-20.webp,assets/chapters/guerras-de-sangue/capitulo-20.webp,Ilustração de capítulo / cena,Ilustração de cena ou capítulo: Capitulo 20 — Guerras de Sangue,1672 × 941 px,366.2 KB,375036,PNG,1672 × 941 px,2.6 MB,86.0,data/sagas/ciclo-de-jesed/books/guerras-de-sangue/runtime.js
capitulo-21.webp,assets/chapters/guerras-de-sangue/capitulo-21.webp,Ilustração de capítulo / cena,Ilustração de cena ou capítulo: Capitulo 21 — Guerras de Sangue,1672 × 941 px,346.0 KB,354286,PNG,1672 × 941 px,2.6 MB,86.9,data/sagas/ciclo-de-jesed/books/guerras-de-sangue/runtime.js
capitulo-22.webp,assets/chapters/guerras-de-sangue/capitulo-22.webp,Ilustração de capítulo / cena,Ilustração de cena ou capítulo: Capitulo 22 — Guerras de Sangue,1672 × 941 px,240.1 KB,245902,PNG,1672 × 941 px,2.3 MB,89.9,data/sagas/ciclo-de-jesed/books/guerras-de-sangue/runtime.js
capitulo-23.webp,assets/chapters/guerras-de-sangue/capitulo-23.webp,Ilustração de capítulo / cena,Ilustração de cena ou capítulo: Capitulo 23 — Guerras de Sangue,1672 × 941 px,242.5 KB,248346,PNG,1672 × 941 px,2.2 MB,89.4,data/sagas/ciclo-de-jesed/books/guerras-de-sangue/runtime.js
capitulo-24.webp,assets/chapters/guerras-de-sangue/capitulo-24.webp,Ilustração de capítulo / cena,Ilustração de cena ou capítulo: Capitulo 24 — Guerras de Sangue,1672 × 941 px,195.1 KB,199804,PNG,1672 × 941 px,2.1 MB,91.0,data/sagas/ciclo-de-jesed/books/guerras-de-sangue/chapters.js
capitulo-25.webp,assets/chapters/guerras-de-sangue/capitulo-25.webp,Ilustração de capítulo / cena,Ilustração de cena ou capítulo: Capitulo 25 — Guerras de Sangue,1024 × 576 px,97.7 KB,100066,JPEG,1024 × 576 px,116.5 KB,16.1,
capitulo-26.webp,assets/chapters/guerras-de-sangue/capitulo-26.webp,Ilustração de capítulo / cena,Ilustração de cena ou capítulo: Capitulo 26 — Guerras de Sangue,1672 × 941 px,273.0 KB,279548,PNG,1672 × 941 px,2.4 MB,89.0,data/sagas/ciclo-de-jesed/books/guerras-de-sangue/chapters.js
capitulo-27.webp,assets/chapters/guerras-de-sangue/capitulo-27.webp,Ilustração de capítulo / cena,Ilustração de cena ou capítulo: Capitulo 27 — Guerras de Sangue,1672 × 941 px,254.8 KB,260900,PNG,1672 × 941 px,2.4 MB,89.6,data/sagas/ciclo-de-jesed/books/guerras-de-sangue/chapters.js
capitulo-28.webp,assets/chapters/guerras-de-sangue/capitulo-28.webp,Ilustração de capítulo / cena,Ilustração de cena ou capítulo: Capitulo 28 — Guerras de Sangue,1672 × 941 px,354.9 KB,363414,PNG,1672 × 941 px,2.5 MB,86.3,data/sagas/ciclo-de-jesed/books/guerras-de-sangue/chapters.js
capitulo-29.webp,assets/chapters/guerras-de-sangue/capitulo-29.webp,Ilustração de capítulo / cena,Ilustração de cena ou capítulo: Capitulo 29 — Guerras de Sangue,1672 × 941 px,330.1 KB,338030,PNG,1672 × 941 px,2.5 MB,87.2,data/sagas/ciclo-de-jesed/books/guerras-de-sangue/chapters.js
capitulo-3.webp,assets/chapters/guerras-de-sangue/capitulo-3.webp,Ilustração de capítulo / cena,Ilustração de cena ou capítulo: Capitulo 3 — Guerras de Sangue,1672 × 941 px,311.8 KB,319314,PNG,1672 × 941 px,2.5 MB,87.9,data/sagas/ciclo-de-jesed/books/guerras-de-sangue/runtime.js
capitulo-4.webp,assets/chapters/guerras-de-sangue/capitulo-4.webp,Ilustração de capítulo / cena,Ilustração de cena ou capítulo: Capitulo 4 — Guerras de Sangue,1672 × 941 px,346.0 KB,354342,PNG,1672 × 941 px,2.6 MB,87.1,data/sagas/ciclo-de-jesed/books/guerras-de-sangue/runtime.js
capitulo-5.webp,assets/chapters/guerras-de-sangue/capitulo-5.webp,Ilustração de capítulo / cena,Ilustração de cena ou capítulo: Capitulo 5 — Guerras de Sangue,1672 × 941 px,217.9 KB,223102,PNG,1672 × 941 px,2.2 MB,90.1,data/sagas/ciclo-de-jesed/books/guerras-de-sangue/runtime.js
capitulo-6.webp,assets/chapters/guerras-de-sangue/capitulo-6.webp,Ilustração de capítulo / cena,Ilustração de cena ou capítulo: Capitulo 6 — Guerras de Sangue,1672 × 941 px,293.6 KB,300656,PNG,1672 × 941 px,2.5 MB,88.4,data/sagas/ciclo-de-jesed/books/guerras-de-sangue/runtime.js
capitulo-7.webp,assets/chapters/guerras-de-sangue/capitulo-7.webp,Ilustração de capítulo / cena,Ilustração de cena ou capítulo: Capitulo 7 — Guerras de Sangue,1024 × 572 px,116.9 KB,119700,JPEG,1024 × 572 px,125.3 KB,6.7,data/sagas/ciclo-de-jesed/books/guerras-de-sangue/chapters.js
capitulo-8.webp,assets/chapters/guerras-de-sangue/capitulo-8.webp,Ilustração de capítulo / cena,Ilustração de cena ou capítulo: Capitulo 8 — Guerras de Sangue,1672 × 941 px,371.1 KB,379970,PNG,1672 × 941 px,2.6 MB,86.0,data/sagas/ciclo-de-jesed/books/guerras-de-sangue/runtime.js
capitulo-9.webp,assets/chapters/guerras-de-sangue/capitulo-9.webp,Ilustração de capítulo / cena,Ilustração de cena ou capítulo: Capitulo 9 — Guerras de Sangue,1672 × 941 px,473.0 KB,484314,PNG,1672 × 941 px,2.9 MB,84.2,data/sagas/ciclo-de-jesed/books/guerras-de-sangue/runtime.js
Capítulo 1.webp,assets/chapters/ruinas-dos-ceus/Capítulo 1.webp,Ilustração de capítulo / cena,Ilustração de cena ou capítulo: Capítulo 1 — Ruínas dos Céus,1672 × 941 px,431.8 KB,442136,PNG,1672 × 941 px,2.8 MB,84.8,data/sagas/ciclo-de-jesed/books/ruinas-dos-ceus/runtime.js
Capítulo 10.webp,assets/chapters/ruinas-dos-ceus/Capítulo 10.webp,Ilustração de capítulo / cena,Ilustração de cena ou capítulo: Capítulo 10 — Ruínas dos Céus,1672 × 941 px,221.1 KB,226446,PNG,1672 × 941 px,2.2 MB,90.4,data/sagas/ciclo-de-jesed/books/ruinas-dos-ceus/runtime.js
Capítulo 11.webp,assets/chapters/ruinas-dos-ceus/Capítulo 11.webp,Ilustração de capítulo / cena,Ilustração de cena ou capítulo: Capítulo 11 — Ruínas dos Céus,1672 × 941 px,246.1 KB,251982,PNG,1672 × 941 px,2.2 MB,89.3,data/sagas/ciclo-de-jesed/books/ruinas-dos-ceus/runtime.js
Capítulo 12.webp,assets/chapters/ruinas-dos-ceus/Capítulo 12.webp,Ilustração de capítulo / cena,Ilustração de cena ou capítulo: Capítulo 12 — Ruínas dos Céus,1672 × 941 px,322.2 KB,329948,PNG,1672 × 941 px,2.5 MB,87.3,data/sagas/ciclo-de-jesed/books/ruinas-dos-ceus/runtime.js
Capítulo 13.webp,assets/chapters/ruinas-dos-ceus/Capítulo 13.webp,Ilustração de capítulo / cena,Ilustração de cena ou capítulo: Capítulo 13 — Ruínas dos Céus,1672 × 941 px,365.1 KB,373860,PNG,1672 × 941 px,2.6 MB,86.3,
Capítulo 14.webp,assets/chapters/ruinas-dos-ceus/Capítulo 14.webp,Ilustração de capítulo / cena,Ilustração de cena ou capítulo: Capítulo 14 — Ruínas dos Céus,1672 × 941 px,319.7 KB,327350,PNG,1672 × 941 px,2.5 MB,87.4,data/sagas/ciclo-de-jesed/books/ruinas-dos-ceus/runtime.js
Capítulo 15.webp,assets/chapters/ruinas-dos-ceus/Capítulo 15.webp,Ilustração de capítulo / cena,Ilustração de cena ou capítulo: Capítulo 15 — Ruínas dos Céus,1672 × 941 px,343.6 KB,351854,PNG,1672 × 941 px,2.5 MB,86.8,data/sagas/ciclo-de-jesed/books/ruinas-dos-ceus/runtime.js
Capítulo 16.webp,assets/chapters/ruinas-dos-ceus/Capítulo 16.webp,Ilustração de capítulo / cena,Ilustração de cena ou capítulo: Capítulo 16 — Ruínas dos Céus,1672 × 941 px,309.1 KB,316554,PNG,1672 × 941 px,2.5 MB,87.9,
Capítulo 17.webp,assets/chapters/ruinas-dos-ceus/Capítulo 17.webp,Ilustração de capítulo / cena,Ilustração de cena ou capítulo: Capítulo 17 — Ruínas dos Céus,1672 × 941 px,313.8 KB,321346,PNG,1672 × 941 px,2.4 MB,87.4,data/sagas/ciclo-de-jesed/books/ruinas-dos-ceus/runtime.js
Capítulo 18.webp,assets/chapters/ruinas-dos-ceus/Capítulo 18.webp,Ilustração de capítulo / cena,Ilustração de cena ou capítulo: Capítulo 18 — Ruínas dos Céus,1672 × 941 px,227.0 KB,232432,PNG,1672 × 941 px,2.1 MB,89.7,data/sagas/ciclo-de-jesed/books/ruinas-dos-ceus/runtime.js
Capítulo 2.webp,assets/chapters/ruinas-dos-ceus/Capítulo 2.webp,Ilustração de capítulo / cena,Ilustração de cena ou capítulo: Capítulo 2 — Ruínas dos Céus,1672 × 941 px,427.1 KB,437308,PNG,1672 × 941 px,2.8 MB,85.4,data/sagas/ciclo-de-jesed/books/ruinas-dos-ceus/runtime.js
Capítulo 20.webp,assets/chapters/ruinas-dos-ceus/Capítulo 20.webp,Ilustração de capítulo / cena,Ilustração de cena ou capítulo: Capítulo 20 — Ruínas dos Céus,1672 × 941 px,454.3 KB,465208,PNG,1672 × 941 px,2.9 MB,84.6,
Capítulo 21.webp,assets/chapters/ruinas-dos-ceus/Capítulo 21.webp,Ilustração de capítulo / cena,Ilustração de cena ou capítulo: Capítulo 21 — Ruínas dos Céus,1672 × 941 px,300.6 KB,307832,PNG,1672 × 941 px,2.4 MB,87.9,data/sagas/ciclo-de-jesed/books/ruinas-dos-ceus/runtime.js
Capítulo 23.webp,assets/chapters/ruinas-dos-ceus/Capítulo 23.webp,Ilustração de capítulo / cena,Ilustração de cena ou capítulo: Capítulo 23 — Ruínas dos Céus,1672 × 941 px,340.6 KB,348738,PNG,1672 × 941 px,2.6 MB,87.4,data/sagas/ciclo-de-jesed/books/ruinas-dos-ceus/runtime.js
Capítulo 24.webp,assets/chapters/ruinas-dos-ceus/Capítulo 24.webp,Ilustração de capítulo / cena,Ilustração de cena ou capítulo: Capítulo 24 — Ruínas dos Céus,1672 × 941 px,340.5 KB,348650,PNG,1672 × 941 px,2.5 MB,86.6,data/sagas/ciclo-de-jesed/books/ruinas-dos-ceus/runtime.js
Capítulo 3.webp,assets/chapters/ruinas-dos-ceus/Capítulo 3.webp,Ilustração de capítulo / cena,Ilustração de cena ou capítulo: Capítulo 3 — Ruínas dos Céus,1672 × 941 px,379.4 KB,388506,PNG,1672 × 941 px,2.7 MB,86.1,data/sagas/ciclo-de-jesed/books/ruinas-dos-ceus/runtime.js
Capítulo 4.webp,assets/chapters/ruinas-dos-ceus/Capítulo 4.webp,Ilustração de capítulo / cena,Ilustração de cena ou capítulo: Capítulo 4 — Ruínas dos Céus,1672 × 941 px,379.4 KB,388554,PNG,1672 × 941 px,2.7 MB,86.5,
Capítulo 6.webp,assets/chapters/ruinas-dos-ceus/Capítulo 6.webp,Ilustração de capítulo / cena,Ilustração de cena ou capítulo: Capítulo 6 — Ruínas dos Céus,1672 × 941 px,298.6 KB,305752,PNG,1672 × 941 px,2.4 MB,87.9,
Capítulo 7.webp,assets/chapters/ruinas-dos-ceus/Capítulo 7.webp,Ilustração de capítulo / cena,Ilustração de cena ou capítulo: Capítulo 7 — Ruínas dos Céus,1672 × 941 px,402.3 KB,411952,PNG,1672 × 941 px,2.7 MB,85.6,
Capítulo 8.webp,assets/chapters/ruinas-dos-ceus/Capítulo 8.webp,Ilustração de capítulo / cena,Ilustração de cena ou capítulo: Capítulo 8 — Ruínas dos Céus,1672 × 941 px,338.7 KB,346844,PNG,1672 × 941 px,2.6 MB,87.2,
Capítulo 9.webp,assets/chapters/ruinas-dos-ceus/Capítulo 9.webp,Ilustração de capítulo / cena,Ilustração de cena ou capítulo: Capítulo 9 — Ruínas dos Céus,1672 × 941 px,353.7 KB,362226,PNG,1672 × 941 px,2.6 MB,86.8,
acampamento-dos-homens-das-areias.webp,assets/places/acampamento-dos-homens-das-areias.webp,Ilustração de local,Ilustração do local: Acampamento dos homens das areias — Dimensões Infinitas,1448 × 1086 px,295.3 KB,302396,WEBP,1448 × 1086 px,295.3 KB,0.0,
alesteiro.webp,assets/places/alesteiro.webp,Ilustração de local,Ilustração do local: Alesteiro — Dimensões Infinitas,1448 × 1086 px,275.1 KB,281746,WEBP,1448 × 1086 px,275.1 KB,0.0,
bosques-de-arion.webp,assets/places/ruinas/bosques-de-arion.webp,Ilustração de local,Ilustração do local: Bosques de arion — Dimensões Infinitas,1672 × 941 px,352.5 KB,360990,WEBP,1672 × 941 px,352.5 KB,0.0,
camara-do-primeiro-abrigo.webp,assets/places/camara-do-primeiro-abrigo.webp,Ilustração de local,Ilustração do local: Camara do primeiro abrigo — Dimensões Infinitas,1448 × 1086 px,121.4 KB,124304,WEBP,1448 × 1086 px,121.4 KB,0.0,
cendar-vel.webp,assets/places/cendar-vel.webp,Ilustração de local,Ilustração do local: Cendar vel — Dimensões Infinitas,1448 × 1086 px,173.0 KB,177148,WEBP,1448 × 1086 px,173.0 KB,0.0,
circulo-de-nhamari.webp,assets/places/ruinas/circulo-de-nhamari.webp,Ilustração de local,Ilustração do local: Circulo de nhamari — Dimensões Infinitas,1672 × 941 px,254.1 KB,260234,WEBP,1672 × 941 px,254.1 KB,0.0,
erilan.webp,assets/places/ruinas/erilan.webp,Ilustração de local,Ilustração do local: Erilan — Dimensões Infinitas,1672 × 941 px,345.3 KB,353632,WEBP,1672 × 941 px,345.3 KB,0.0,
estacao-da-leveza.webp,assets/places/ruinas/estacao-da-leveza.webp,Ilustração de local,Ilustração do local: Estacao da leveza — Dimensões Infinitas,1448 × 1086 px,284.8 KB,291604,WEBP,1448 × 1086 px,284.8 KB,0.0,
eterea.webp,assets/places/ruinas/eterea.webp,Ilustração de local,Ilustração do local: Eterea — Dimensões Infinitas,1672 × 941 px,259.4 KB,265616,WEBP,1672 × 941 px,259.4 KB,0.0,
floresta-de-mirval.webp,assets/places/floresta-de-mirval.webp,Ilustração de local,Ilustração do local: Floresta de mirval — Dimensões Infinitas,1448 × 1086 px,243.6 KB,249440,WEBP,1448 × 1086 px,243.6 KB,0.0,
floresta-de-nadirion.webp,assets/places/ruinas/floresta-de-nadirion.webp,Ilustração de local,Ilustração do local: Floresta de nadirion — Dimensões Infinitas,1448 × 1086 px,225.9 KB,231346,WEBP,1448 × 1086 px,225.9 KB,0.0,
ilha-da-memoria.webp,assets/places/ruinas/ilha-da-memoria.webp,Ilustração de local,Ilustração do local: Ilha da memoria — Dimensões Infinitas,1448 × 1086 px,271.1 KB,277586,WEBP,1448 × 1086 px,271.1 KB,0.0,
ilha-dos-pequenos.webp,assets/places/ruinas/ilha-dos-pequenos.webp,Ilustração de local,Ilustração do local: Ilha dos pequenos — Dimensões Infinitas,1448 × 1086 px,377.9 KB,386962,WEBP,1448 × 1086 px,377.9 KB,0.0,
ilhas-baixas.webp,assets/places/ruinas/ilhas-baixas.webp,Ilustração de local,Ilustração do local: Ilhas baixas — Dimensões Infinitas,1448 × 1086 px,68.4 KB,70072,WEBP,1448 × 1086 px,68.4 KB,0.0,
kaendar.webp,assets/places/kaendar.webp,Ilustração de local,Ilustração do local: Kaendar — Dimensões Infinitas,1448 × 1086 px,290.6 KB,297540,WEBP,1448 × 1086 px,290.6 KB,0.0,
khar-tondr.webp,assets/places/khar-tondr.webp,Ilustração de local,Ilustração do local: Khar tondr — Dimensões Infinitas,1333 × 1000 px,255.1 KB,261188,WEBP,1333 × 1000 px,255.1 KB,0.0,
marco-das-tres-pedras.webp,assets/places/marco-das-tres-pedras.webp,Ilustração de local,Ilustração do local: Marco das tres pedras — Dimensões Infinitas,1448 × 1086 px,195.0 KB,199728,WEBP,1448 × 1086 px,202.3 KB,3.6,
margem-dos-zirrios.webp,assets/places/margem-dos-zirrios.webp,Ilustração de local,Ilustração do local: Margem dos zirrios — Dimensões Infinitas,1448 × 1086 px,379.5 KB,388570,WEBP,1448 × 1086 px,395.5 KB,4.1,
nadirion.webp,assets/places/ruinas/nadirion.webp,Ilustração de local,Ilustração do local: Nadirion — Dimensões Infinitas,1448 × 1086 px,96.3 KB,98624,WEBP,1448 × 1086 px,96.3 KB,0.0,
nivellia.webp,assets/places/ruinas/nivellia.webp,Ilustração de local,Ilustração do local: Nivellia — Dimensões Infinitas,1448 × 1086 px,330.9 KB,338880,WEBP,1448 × 1086 px,330.9 KB,0.0,
noreval.webp,assets/places/noreval.webp,Ilustração de local,Ilustração do local: Noreval — Dimensões Infinitas,1448 × 1086 px,264.4 KB,270782,WEBP,1448 × 1086 px,286.5 KB,7.7,
nyn-harad.webp,assets/places/nyn-harad.webp,Ilustração de local,Ilustração do local: Nyn harad — Dimensões Infinitas,1448 × 1086 px,446.9 KB,457664,WEBP,1448 × 1086 px,473.2 KB,5.6,
planalto-de-talyen.webp,assets/places/ruinas/planalto-de-talyen.webp,Ilustração de local,Ilustração do local: Planalto de talyen — Dimensões Infinitas,1448 × 1086 px,280.9 KB,287594,WEBP,1448 × 1086 px,280.9 KB,0.0,
praca-da-raiz.webp,assets/places/ruinas/praca-da-raiz.webp,Ilustração de local,Ilustração do local: Praca da raiz — Dimensões Infinitas,1448 × 1086 px,394.6 KB,404062,WEBP,1448 × 1086 px,394.6 KB,0.0,
primeiro-abrigo.webp,assets/places/ruinas/primeiro-abrigo.webp,Ilustração de local,Ilustração do local: Primeiro abrigo — Dimensões Infinitas,1448 × 1086 px,193.6 KB,198274,WEBP,1448 × 1086 px,193.6 KB,0.0,
riacho-de-nadirion.webp,assets/places/ruinas/riacho-de-nadirion.webp,Ilustração de local,Ilustração do local: Riacho de nadirion — Dimensões Infinitas,1448 × 1086 px,210.9 KB,215960,WEBP,1448 × 1086 px,210.9 KB,0.0,
ruinas-de-eterea.webp,assets/places/ruinas/ruinas-de-eterea.webp,Ilustração de local,Ilustração do local: Ruinas de eterea — Dimensões Infinitas,1448 × 1086 px,273.1 KB,279610,WEBP,1448 × 1086 px,273.1 KB,0.0,
urtar-vesh.webp,assets/places/urtar-vesh.webp,Ilustração de local,Ilustração do local: Urtar vesh — Dimensões Infinitas,1448 × 1086 px,222.7 KB,228028,WEBP,1448 × 1086 px,249.4 KB,10.7,
vale.webp,assets/places/ruinas/vale.webp,Ilustração de local,Ilustração do local: Vale — Dimensões Infinitas,1448 × 1086 px,286.0 KB,292826,WEBP,1448 × 1086 px,286.0 KB,0.0,
varkhama.webp,assets/places/varkhama.webp,Ilustração de local,Ilustração do local: Varkhama — Dimensões Infinitas,1448 × 1086 px,349.3 KB,357702,WEBP,1448 × 1086 px,371.0 KB,5.8,
velarim.webp,assets/places/velarim.webp,Ilustração de local,Ilustração do local: Velarim — Dimensões Infinitas,1448 × 1086 px,466.8 KB,478012,WEBP,1448 × 1086 px,476.2 KB,2.0,
cla-buldar.webp,assets/clans/cla-buldar.webp,Imagem do site,Imagem do site: Cla buldar — Dimensões Infinitas,520 × 520 px,72.1 KB,73814,WEBP,520 × 520 px,72.1 KB,0.0,
cla-cendar.webp,assets/clans/cla-cendar.webp,Imagem do site,Imagem do site: Cla cendar — Dimensões Infinitas,520 × 520 px,73.5 KB,75262,WEBP,520 × 520 px,73.5 KB,0.0,
cla-glydar.webp,assets/clans/cla-glydar.webp,Imagem do site,Imagem do site: Cla glydar — Dimensões Infinitas,520 × 520 px,75.2 KB,76986,WEBP,520 × 520 px,75.2 KB,0.0,
cla-tondrar.webp,assets/clans/cla-tondrar.webp,Imagem do site,Imagem do site: Cla tondrar — Dimensões Infinitas,520 × 520 px,60.4 KB,61806,WEBP,520 × 520 px,60.6 KB,0.5,
cla-urtistar.webp,assets/clans/cla-urtistar.webp,Imagem do site,Imagem do site: Cla urtistar — Dimensões Infinitas,520 × 520 px,74.0 KB,75808,WEBP,520 × 520 px,74.0 KB,0.0,
cla-vendrar.webp,assets/clans/cla-vendrar.webp,Imagem do site,Imagem do site: Cla vendrar — Dimensões Infinitas,520 × 520 px,67.7 KB,69354,WEBP,520 × 520 px,67.7 KB,0.0,
raukhar.webp,assets/lore/fauna/raukhar.webp,Imagem do site,Imagem do site: Raukhar — Dimensões Infinitas,1400 × 1120 px,223.6 KB,228990,WEBP,1400 × 1120 px,223.6 KB,0.0,
raukhar.webp,assets/lore/raukhar.webp,Imagem do site,Imagem do site: Raukhar — Dimensões Infinitas,1400 × 1120 px,223.6 KB,228990,WEBP,1400 × 1120 px,223.6 KB,0.0,
Ciclo de Jesed black.webp,assets/branding/Ciclo de Jesed black.webp,Logo / identidade visual,Logo da marca Dimensões Infinitas,1723 × 608 px,39.8 KB,40704,PNG,1723 × 608 px,98.1 KB,59.5,
Ciclo de Jesed white.webp,assets/branding/Ciclo de Jesed white.webp,Logo / identidade visual,Logo da marca Dimensões Infinitas,1723 × 608 px,39.8 KB,40782,PNG,1723 × 608 px,98.2 KB,59.4,index.html
ciclo-de-jesed-logo.webp,assets/branding/ciclo-de-jesed-logo.webp,Logo / identidade visual,Logo da marca Dimensões Infinitas,1800 × 331 px,292.0 KB,298964,PNG,2058 × 379 px,759.4 KB,61.6,
cla-polar-1o-emblema-antigo.webp,assets/clans/cla-polar-1o-emblema-antigo.webp,Logo / identidade visual,Logo da marca Dimensões Infinitas,520 × 520 px,57.4 KB,58748,WEBP,520 × 520 px,57.4 KB,0.0,
cla-polar-2o-emblema-antigo.webp,assets/clans/cla-polar-2o-emblema-antigo.webp,Logo / identidade visual,Logo da marca Dimensões Infinitas,520 × 520 px,67.5 KB,69122,WEBP,520 × 520 px,67.5 KB,0.0,
cla-polar-emblema-atual.webp,assets/clans/cla-polar-emblema-atual.webp,Logo / identidade visual,Logo da marca Dimensões Infinitas,520 × 520 px,61.6 KB,63030,WEBP,520 × 520 px,61.6 KB,0.0,
dimensoes-infinitas-logo.webp,assets/branding/dimensoes-infinitas-logo.webp,Logo / identidade visual,Logo da marca Dimensões Infinitas,1609 × 596 px,731.9 KB,749458,PNG,1609 × 596 px,971.6 KB,24.7,
Dimensões Infinitas black.webp,assets/branding/Dimensões Infinitas black.webp,Logo / identidade visual,Logo da marca Dimensões Infinitas,1626 × 656 px,75.5 KB,77358,PNG,1626 × 656 px,177.6 KB,57.5,
Dimensões Infinitas white.webp,assets/branding/Dimensões Infinitas white.webp,Logo / identidade visual,Logo da marca Dimensões Infinitas,1626 × 656 px,75.5 KB,77326,PNG,1626 × 656 px,177.7 KB,57.5,index.html
Guerras de Sangue black.webp,assets/branding/Guerras de Sangue black.webp,Logo / identidade visual,Logo da marca Dimensões Infinitas,1644 × 656 px,56.7 KB,58032,PNG,1644 × 656 px,151.8 KB,62.7,
Guerras de Sangue white.webp,assets/branding/Guerras de Sangue white.webp,Logo / identidade visual,Logo da marca Dimensões Infinitas,1644 × 656 px,56.4 KB,57712,PNG,1644 × 656 px,151.9 KB,62.9,app/portal/app.js; app/sagas/ciclo-de-jesed/books/guerras-de-sangue/app.js; app/sagas/ciclo-de-jesed/books/ruinas-dos-ceus/pages/main.js
guerras-de-sangue-logo.webp,assets/branding/guerras-de-sangue-logo.webp,Logo / identidade visual,Logo da marca Dimensões Infinitas,1730 × 687 px,1.4 MB,1438126,PNG,1730 × 687 px,1.9 MB,25.9,
ruinas-dos-ceus-logo.webp,assets/branding/ruinas-dos-ceus-logo.webp,Logo / identidade visual,Logo da marca Dimensões Infinitas,1800 × 624 px,686.8 KB,703272,PNG,1934 × 670 px,1.5 MB,55.4,
Ruínas dos Céus black.webp,assets/branding/Ruínas dos Céus black.webp,Logo / identidade visual,Logo da marca Dimensões Infinitas,1597 × 656 px,47.5 KB,48674,PNG,1597 × 656 px,133.4 KB,64.4,
Ruínas dos Céus white.webp,assets/branding/Ruínas dos Céus white.webp,Logo / identidade visual,Logo da marca Dimensões Infinitas,1597 × 656 px,47.4 KB,48504,PNG,1597 × 656 px,133.8 KB,64.6,app/portal/app.js; app/sagas/ciclo-de-jesed/books/guerras-de-sangue/app.js; app/sagas/ciclo-de-jesed/books/ruinas-dos-ceus/pages/main.js
Mapa de Etérea.webp,assets/maps/ruinas-dos-ceus/Mapa de Etérea.webp,Mapa,Mapa: Mapa de Etérea — Ruínas dos Céus,1491 × 1055 px,654.2 KB,669862,PNG,1491 × 1055 px,3.1 MB,79.2,app/sagas/ciclo-de-jesed/books/ruinas-dos-ceus/pages/places.js
Mapa de Nadírion (Floresta de Mirval).webp,assets/maps/ruinas-dos-ceus/Mapa de Nadírion (Floresta de Mirval).webp,Mapa,Mapa: Mapa de Nadírion (Floresta de Mirval) — Ruínas dos Céus,1491 × 1055 px,660.3 KB,676178,PNG,1491 × 1055 px,3.1 MB,79.0,app/sagas/ciclo-de-jesed/books/ruinas-dos-ceus/pages/places.js
mapa-combinado.webp,assets/maps/ruinas-dos-ceus/mapa-combinado.webp,Mapa,Mapa: Mapa combinado — Ruínas dos Céus,1491 × 1055 px,521.9 KB,534400,WEBP,1491 × 1055 px,521.9 KB,0.0,
mapa-geral.webp,assets/maps/guerras-de-sangue/mapa-geral.webp,Mapa,Mapa: Mapa geral — Guerras de Sangue,1536 × 1024 px,633.2 KB,648448,WEBP,1536 × 1024 px,633.2 KB,0.0,
mapa-guerras-de-sangue.webp,assets/mapa-guerras-de-sangue.webp,Mapa,Mapa: Mapa guerras de sangue,1536 × 1024 px,633.2 KB,648448,WEBP,1536 × 1024 px,633.2 KB,0.0,
alyra.webp,assets/characters/guerras-de-sangue/alyra.webp,Retrato de personagem,Retrato do personagem: Alyra — Guerras de Sangue,1122 × 1402 px,168.0 KB,171996,WEBP,1122 × 1402 px,168.0 KB,0.0,
avara-fendelar.webp,assets/characters/guerras-de-sangue/avara-fendelar.webp,Retrato de personagem,Retrato do personagem: Avara fendelar — Guerras de Sangue,1024 × 1536 px,181.9 KB,186290,WEBP,1024 × 1536 px,181.9 KB,0.0,
brokan-das-forjas.webp,assets/characters/guerras-de-sangue/brokan-das-forjas.webp,Retrato de personagem,Retrato do personagem: Brokan das forjas — Guerras de Sangue,1122 × 1402 px,212.5 KB,217636,WEBP,1122 × 1402 px,212.5 KB,0.0,
cal-edran.webp,assets/characters/guerras-de-sangue/cal-edran.webp,Retrato de personagem,Retrato do personagem: Cal edran — Guerras de Sangue,1086 × 1448 px,189.9 KB,194468,WEBP,1086 × 1448 px,189.9 KB,0.0,
cal-kadrir.webp,assets/characters/guerras-de-sangue/cal-kadrir.webp,Retrato de personagem,Retrato do personagem: Cal kadrir — Guerras de Sangue,1086 × 1448 px,173.7 KB,177912,WEBP,1086 × 1448 px,173.7 KB,0.0,
daryon-polar.webp,assets/characters/guerras-de-sangue/daryon-polar.webp,Retrato de personagem,Retrato do personagem: Daryon polar — Guerras de Sangue,1122 × 1402 px,145.8 KB,149278,WEBP,1122 × 1402 px,145.8 KB,0.0,
efepar.webp,assets/characters/ruinas/efepar.webp,Retrato de personagem,Retrato do personagem: Efepar — Dimensões Infinitas,1122 × 1402 px,186.1 KB,190580,WEBP,1122 × 1402 px,186.1 KB,0.0,
gabasteres.webp,assets/characters/ruinas/gabasteres.webp,Retrato de personagem,Retrato do personagem: Gabasteres — Dimensões Infinitas,1122 × 1402 px,117.9 KB,120780,WEBP,1122 × 1402 px,117.9 KB,0.0,
hadrun.webp,assets/characters/guerras-de-sangue/hadrun.webp,Retrato de personagem,Retrato do personagem: Hadrun — Guerras de Sangue,1122 × 1402 px,174.8 KB,178978,WEBP,1122 × 1402 px,174.8 KB,0.0,
harrev.webp,assets/characters/guerras-de-sangue/harrev.webp,Retrato de personagem,Retrato do personagem: Harrev — Guerras de Sangue,1122 × 1402 px,224.6 KB,230016,WEBP,1122 × 1402 px,224.6 KB,0.0,
iressa-maos-de-sal.webp,assets/characters/guerras-de-sangue/iressa-maos-de-sal.webp,Retrato de personagem,Retrato do personagem: Iressa maos de sal — Guerras de Sangue,1086 × 1448 px,233.6 KB,239228,WEBP,1086 × 1448 px,233.6 KB,0.0,
jokara.webp,assets/characters/ruinas/jokara.webp,Retrato de personagem,Retrato do personagem: Jokara — Dimensões Infinitas,1122 × 1402 px,169.5 KB,173572,WEBP,1122 × 1402 px,169.5 KB,0.0,
kaelina.webp,assets/characters/guerras-de-sangue/kaelina.webp,Retrato de personagem,Retrato do personagem: Kaelina — Guerras de Sangue,1122 × 1402 px,196.0 KB,200744,WEBP,1122 × 1402 px,196.0 KB,0.0,
kahul.webp,assets/characters/guerras-de-sangue/kahul.webp,Retrato de personagem,Retrato do personagem: Kahul — Guerras de Sangue,1122 × 1402 px,152.9 KB,156556,WEBP,1122 × 1402 px,152.9 KB,0.0,
kharvok.webp,assets/characters/guerras-de-sangue/kharvok.webp,Retrato de personagem,Retrato do personagem: Kharvok — Guerras de Sangue,1086 × 1448 px,185.9 KB,190392,WEBP,1086 × 1448 px,185.9 KB,0.0,
liri.webp,assets/characters/ruinas/liri.webp,Retrato de personagem,Retrato do personagem: Liri — Dimensões Infinitas,1122 × 1402 px,162.8 KB,166728,WEBP,1122 × 1402 px,162.8 KB,0.0,
lorde-ossar-glydar.webp,assets/characters/guerras-de-sangue/lorde-ossar-glydar.webp,Retrato de personagem,Retrato do personagem: Lorde ossar glydar — Guerras de Sangue,1086 × 1448 px,170.9 KB,174958,WEBP,1086 × 1448 px,170.9 KB,0.0,
loutes.webp,assets/characters/ruinas/loutes.webp,Retrato de personagem,Retrato do personagem: Loutes — Dimensões Infinitas,1122 × 1402 px,172.4 KB,176488,WEBP,1122 × 1402 px,172.4 KB,0.0,
lurok.webp,assets/characters/guerras-de-sangue/lurok.webp,Retrato de personagem,Retrato do personagem: Lurok — Guerras de Sangue,1122 × 1402 px,113.4 KB,116164,WEBP,1122 × 1402 px,113.4 KB,0.0,
lutharus.webp,assets/characters/guerras-de-sangue/lutharus.webp,Retrato de personagem,Retrato do personagem: Lutharus — Guerras de Sangue,1122 × 1402 px,137.5 KB,140772,WEBP,1122 × 1402 px,137.5 KB,0.0,
maelis-das-contagens.webp,assets/characters/guerras-de-sangue/maelis-das-contagens.webp,Retrato de personagem,Retrato do personagem: Maelis das contagens — Guerras de Sangue,1122 × 1402 px,214.6 KB,219700,WEBP,1122 × 1402 px,214.6 KB,0.0,
malthar.webp,assets/characters/ruinas/malthar.webp,Retrato de personagem,Retrato do personagem: Malthar — Dimensões Infinitas,1122 × 1402 px,298.5 KB,305614,WEBP,1122 × 1402 px,298.5 KB,0.0,
markoso.webp,assets/characters/guerras-de-sangue/markoso.webp,Retrato de personagem,Retrato do personagem: Markoso — Guerras de Sangue,1086 × 1448 px,200.4 KB,205224,WEBP,1086 × 1448 px,200.4 KB,0.0,
marv.webp,assets/characters/ruinas/marv.webp,Retrato de personagem,Retrato do personagem: Marv — Dimensões Infinitas,1122 × 1402 px,214.2 KB,219308,WEBP,1122 × 1402 px,214.2 KB,0.0,
mirel-amarea.webp,assets/characters/ruinas/mirel-amarea.webp,Retrato de personagem,Retrato do personagem: Mirel amarea — Dimensões Infinitas,1122 × 1402 px,229.5 KB,234962,WEBP,1122 × 1402 px,229.5 KB,0.0,
nalia-do-rio.webp,assets/characters/guerras-de-sangue/nalia-do-rio.webp,Retrato de personagem,Retrato do personagem: Nalia do rio — Guerras de Sangue,1122 × 1402 px,167.8 KB,171800,WEBP,1122 × 1402 px,167.8 KB,0.0,
nara-e-ilo.webp,assets/characters/guerras-de-sangue/nara-e-ilo.webp,Retrato de personagem,Retrato do personagem: Nara e ilo — Guerras de Sangue,1122 × 1402 px,217.7 KB,222952,WEBP,1122 × 1402 px,217.7 KB,0.0,
nestira.webp,assets/characters/ruinas/nestira.webp,Retrato de personagem,Retrato do personagem: Nestira — Dimensões Infinitas,1122 × 1402 px,190.4 KB,195016,WEBP,1122 × 1402 px,190.4 KB,0.0,
nynestra.webp,assets/characters/guerras-de-sangue/nynestra.webp,Retrato de personagem,Retrato do personagem: Nynestra — Guerras de Sangue,1086 × 1448 px,271.0 KB,277458,WEBP,1086 × 1448 px,271.0 KB,0.0,
odran-porta-baixa.webp,assets/characters/guerras-de-sangue/odran-porta-baixa.webp,Retrato de personagem,Retrato do personagem: Odran porta baixa — Guerras de Sangue,1122 × 1402 px,268.9 KB,275336,WEBP,1122 × 1402 px,268.9 KB,0.0,
odris.webp,assets/characters/guerras-de-sangue/odris.webp,Retrato de personagem,Retrato do personagem: Odris — Guerras de Sangue,1122 × 1402 px,217.9 KB,223126,WEBP,1122 × 1402 px,217.9 KB,0.0,
orionus-polar-2.webp,assets/characters/guerras-de-sangue/orionus-polar-2.webp,Retrato de personagem,Retrato do personagem: Orionus polar 2 — Guerras de Sangue,1024 × 1536 px,290.6 KB,297568,WEBP,1024 × 1536 px,290.6 KB,0.0,
orionus-polar.webp,assets/characters/guerras-de-sangue/orionus-polar.webp,Retrato de personagem,Retrato do personagem: Orionus polar — Guerras de Sangue,1122 × 1402 px,178.3 KB,182586,WEBP,1122 × 1402 px,178.3 KB,0.0,
orven.webp,assets/characters/guerras-de-sangue/orven.webp,Retrato de personagem,Retrato do personagem: Orven — Guerras de Sangue,1122 × 1402 px,229.7 KB,235176,WEBP,1122 × 1402 px,229.7 KB,0.0,
platisa.webp,assets/characters/ruinas/platisa.webp,Retrato de personagem,Retrato do personagem: Platisa — Dimensões Infinitas,1122 × 1402 px,225.0 KB,230432,WEBP,1122 × 1402 px,225.0 KB,0.0,
professor-talver.webp,assets/characters/ruinas/professor-talver.webp,Retrato de personagem,Retrato do personagem: Professor talver — Dimensões Infinitas,1122 × 1402 px,246.7 KB,252588,WEBP,1122 × 1402 px,246.7 KB,0.0,
rendar.webp,assets/characters/guerras-de-sangue/rendar.webp,Retrato de personagem,Retrato do personagem: Rendar — Guerras de Sangue,1122 × 1402 px,198.3 KB,203108,WEBP,1122 × 1402 px,198.3 KB,0.0,
saela.webp,assets/characters/guerras-de-sangue/saela.webp,Retrato de personagem,Retrato do personagem: Saela — Guerras de Sangue,1122 × 1402 px,178.8 KB,183134,WEBP,1122 × 1402 px,178.8 KB,0.0,
sarkan.webp,assets/characters/guerras-de-sangue/sarkan.webp,Retrato de personagem,Retrato do personagem: Sarkan — Guerras de Sangue,1122 × 1402 px,185.3 KB,189750,WEBP,1122 × 1402 px,185.3 KB,0.0,
savel.webp,assets/characters/guerras-de-sangue/savel.webp,Retrato de personagem,Retrato do personagem: Savel — Guerras de Sangue,1122 × 1402 px,165.7 KB,169630,WEBP,1122 × 1402 px,165.7 KB,0.0,
seron-das-obras.webp,assets/characters/guerras-de-sangue/seron-das-obras.webp,Retrato de personagem,Retrato do personagem: Seron das obras — Guerras de Sangue,1122 × 1402 px,235.3 KB,240988,WEBP,1122 × 1402 px,235.3 KB,0.0,
sersi.webp,assets/characters/ruinas/sersi.webp,Retrato de personagem,Retrato do personagem: Sersi — Dimensões Infinitas,1122 × 1402 px,231.2 KB,236712,WEBP,1122 × 1402 px,231.2 KB,0.0,
seyra-vendrar.webp,assets/characters/guerras-de-sangue/seyra-vendrar.webp,Retrato de personagem,Retrato do personagem: Seyra vendrar — Guerras de Sangue,1122 × 1402 px,297.6 KB,304694,WEBP,1122 × 1402 px,297.6 KB,0.0,
soren.webp,assets/characters/guerras-de-sangue/soren.webp,Retrato de personagem,Retrato do personagem: Soren — Guerras de Sangue,1122 × 1402 px,113.8 KB,116528,WEBP,1122 × 1402 px,113.8 KB,0.0,
tavra-vendrar.webp,assets/characters/guerras-de-sangue/tavra-vendrar.webp,Retrato de personagem,Retrato do personagem: Tavra vendrar — Guerras de Sangue,1086 × 1448 px,273.3 KB,279896,WEBP,1086 × 1448 px,273.3 KB,0.0,
thoren-dos-graos.webp,assets/characters/guerras-de-sangue/thoren-dos-graos.webp,Retrato de personagem,Retrato do personagem: Thoren dos graos — Guerras de Sangue,1122 × 1402 px,231.2 KB,236788,WEBP,1122 × 1402 px,231.2 KB,0.0,
torgun.webp,assets/characters/guerras-de-sangue/torgun.webp,Retrato de personagem,Retrato do personagem: Torgun — Guerras de Sangue,1122 × 1402 px,343.8 KB,352072,WEBP,1122 × 1402 px,343.8 KB,0.0,
varael-glydar.webp,assets/characters/guerras-de-sangue/varael-glydar.webp,Retrato de personagem,Retrato do personagem: Varael glydar — Guerras de Sangue,1122 × 1402 px,199.5 KB,204334,WEBP,1122 × 1402 px,199.5 KB,0.0,
varron-meio-olho.webp,assets/characters/guerras-de-sangue/varron-meio-olho.webp,Retrato de personagem,Retrato do personagem: Varron meio olho — Guerras de Sangue,1122 × 1402 px,186.2 KB,190706,WEBP,1122 × 1402 px,186.2 KB,0.0,
veyr-polar.webp,assets/characters/guerras-de-sangue/veyr-polar.webp,Retrato de personagem,Retrato do personagem: Veyr polar — Guerras de Sangue,1122 × 1402 px,237.9 KB,243606,WEBP,1122 × 1402 px,237.9 KB,0.0,
vita-fendelar.webp,assets/characters/guerras-de-sangue/vita-fendelar.webp,Retrato de personagem,Retrato do personagem: Vita fendelar — Guerras de Sangue,1024 × 1536 px,116.9 KB,119666,WEBP,1024 × 1536 px,116.9 KB,0.0,
vorlan-vendrar.webp,assets/characters/guerras-de-sangue/vorlan-vendrar.webp,Retrato de personagem,Retrato do personagem: Vorlan vendrar — Guerras de Sangue,1122 × 1402 px,201.0 KB,205852,WEBP,1122 × 1402 px,201.0 KB,0.0,
ylvena.webp,assets/characters/guerras-de-sangue/ylvena.webp,Retrato de personagem,Retrato do personagem: Ylvena — Guerras de Sangue,1122 × 1402 px,152.1 KB,155742,WEBP,1122 × 1402 px,152.1 KB,0.0,
yndra.webp,assets/characters/ruinas/yndra.webp,Retrato de personagem,Retrato do personagem: Yndra — Dimensões Infinitas,1122 × 1402 px,228.0 KB,233478,WEBP,1122 × 1402 px,228.0 KB,0.0,
yoral.webp,assets/characters/ruinas/yoral.webp,Retrato de personagem,Retrato do personagem: Yoral — Dimensões Infinitas,1122 × 1402 px,229.0 KB,234454,WEBP,1122 × 1402 px,229.0 KB,0.0,
yrsea.webp,assets/characters/ruinas/yrsea.webp,Retrato de personagem,Retrato do personagem: Yrsea — Dimensões Infinitas,1122 × 1402 px,244.3 KB,250160,WEBP,1122 × 1402 px,244.3 KB,0.0,
yvenn-raiz-branca.webp,assets/characters/guerras-de-sangue/yvenn-raiz-branca.webp,Retrato de personagem,Retrato do personagem: Yvenn raiz branca — Guerras de Sangue,1086 × 1448 px,220.0 KB,225302,WEBP,1086 × 1448 px,220.0 KB,0.0,
